Fecha,Demanda Nacional,Convencional,Sector Eléctrico
2026-07-01,800.3393599999999,513.855729,286.483631
